I,G,C_012,C_120,C_201,H_012,H_120,H_201,ground_truth,choice,confidence
-959.9954069663071,-1097.4125892655857,-1010.9320887927367,-979.5734013258302,-1127.548107578717,-1012.3708064018948,-985.5852499461314,-1126.5718758101418,I,H,high
-959.7085169495422,-1031.6454815100353,-1031.0512422808702,-1008.984633318688,-975.8666369826153,-1030.7304429636367,-1010.8675576364641,-979.7773616650435,I,H,low
-960.8709286729918,-982.1169364066868,-956.7054939691977,-973.5739900463163,-985.7030345591683,-958.1320506899697,-973.0137956216438,-984.9190736070992,C,C,high
-962.5479352248078,-964.9187629731229,-956.4136953151927,-967.8979500957682,-967.2277461657065,-956.4653874104959,-966.7794964274842,-966.2709610003902,C,C,high
-969.4095778675754,-953.574005194633,-961.404116915259,-961.2494084538124,-961.0056755743796,-957.1646918417129,-957.0534552894313,-956.8379909064686,G,G,high
-968.4171723549082,-959.9728167821954,-963.7362758270915,-969.2830786391174,-967.5673185690524,-958.7374405293749,-964.2076470993018,-962.5594945824167,H,C,high
-960.5029010012612,-949.9853676768586,-956.6381893807071,-957.2709266041303,-956.8891858899566,-953.3355817903043,-953.9536710469738,-953.4955578613725,G,G,high
-963.895048091798,-1004.7959611019558,-957.5261541935326,-999.89692993041,-994.6901126912992,-958.0333357619672,-997.5252091046294,-992.3597829330863,H,C,low
-960.7405939488531,-980.8586159278391,-976.8044406364016,-964.4216121390899,-972.4781568737284,-976.7323487082131,-964.449265669151,-971.6881394237806,I,I,high
-966.987689688573,-971.8564173378353,-958.550047058021,-973.7667405721265,-970.381217821215,-961.8290763222927,-974.2558817912014,-970.7817374154724,C,C,low
-965.2748843506669,-959.5445883847111,-959.1051416619628,-963.9268655039905,-975.148070761519,-956.6947634119952,-961.8921845018866,-972.8765152590737,H,H,low
-960.7288202749502,-952.1534448473178,-958.1706636450637,-958.79015228156,-959.7331557440097,-953.8630608514216,-954.8586240951092,-955.6219800534159,H,H,low
-961.700432479975,-959.6162523263991,-958.1372209425452,-959.6466906880355,-961.1968209209691,-958.2926168322603,-958.8285286903298,-960.520158691768,C,H,low
-962.6740116877579,-963.0811191801812,-957.9272846301715,-966.4356435675132,-968.6155675039174,-956.1103392192459,-964.5525454223804,-966.5442124289746,H,C,low
-968.7129041585774,-963.8209937001417,-960.4477530951283,-971.5724639663683,-970.8273510677171,-956.2022523219626,-966.5190912257682,-965.7098950969579,H,C,low
-963.9198442256501,-1161.7115845121177,-958.1382420048124,-1115.1316375946722,-1117.928429628602,-965.5259303943012,-1117.1314776140805,-1119.515693818961,C,I,low
-960.6164786275538,-981.1996863637872,-979.3035449976873,-978.8727897330872,-962.8767018258543,-977.9699800100609,-977.5630238136525,-964.2003551298407,I,I,high
-967.5830795134497,-957.0965339415792,-960.5241204997167,-963.5257360775415,-961.9951716295001,-957.0843119616102,-959.6243987749018,-958.3468371184103,H,H,low
-963.9024948856197,-955.6180308476941,-959.7435320119797,-960.962529146472,-961.3849439037593,-956.9716446422498,-958.1420713699755,-958.5534128090993,H,H,high
-967.1269796113864,-952.9405909442147,-962.0544740032755,-963.1411681502587,-961.8525031734823,-957.0212918921615,-958.1274547705593,-957.1838022886532,G,G,high
-962.5851789296546,-950.9379028268385,-959.4922050030166,-960.0441279030414,-959.787858034988,-954.1197248312784,-954.6148153517472,-954.3573593547975,G,C,high
-968.9255969146943,-953.8259118832734,-961.2495951582168,-961.8047159201717,-962.8661757586173,-956.9000208617152,-957.4850239202292,-958.5506077773105,G,G,high
-959.7867544951073,-956.4339591474328,-956.2076263189779,-959.404619191374,-959.7949233887836,-955.6113183997493,-958.2860592818056,-958.9004434965906,C,C,high
-962.1775207906531,-950.7894797917768,-956.5424257538098,-956.7052145683951,-956.9060828365367,-954.0632972624464,-954.3041994942022,-954.5389663300219,G,C,high
-959.3599776097498,-950.8504405285734,-955.7211777884069,-955.4440325371223,-957.6761331223731,-953.8777136651337,-953.7673138818479,-955.982189479934,G,C,high
-968.4177399605655,-959.9733196290773,-963.736904777712,-969.2839398669768,-967.568116718113,-958.7379355723701,-964.2082563907575,-962.5600433151275,H,C,high
-960.729487277101,-952.1545189588219,-958.1707372992261,-958.7901908620183,-959.7332646543373,-953.863928419892,-954.85944722869,-955.6229546253483,H,C,high
-960.8737526458468,-982.1148200913105,-956.7077099821282,-973.5750308135362,-985.700251134529,-958.1348027130786,-973.014877827625,-984.9162911424098,C,H,high
-963.5539770929145,-962.7852216686545,-960.7995674040553,-967.1238007539673,-969.6086176540329,-955.9340600530329,-961.3333757880998,-963.5898538638264,H,C,high
-966.1922571537355,-965.7899336856825,-959.9567712001646,-963.7771532547021,-984.1693439524034,-956.7993187383086,-960.8651406513394,-980.6159799324184,H,H,high
-966.7900264937292,-950.5700908441268,-960.0625114466587,-962.3959907804428,-962.7212445218032,-954.1063428874194,-956.7305383174414,-956.5137401024474,G,G,low
-964.0048297501273,-1001.8394400657808,-956.897552240554,-984.1413656174777,-1001.7316716027873,-958.4619258563059,-985.3027495649078,-1002.3047673717202,C,C,high
-963.8973906704506,-1004.7971331534761,-957.5282727971953,-999.898405000889,-994.6918240660373,-958.0357201075883,-997.5268866793971,-992.3617604109861,H,C,high
-959.1208865005901,-950.4497044742857,-955.0550974547324,-955.0268118171323,-955.2171250792907,-953.4643152718374,-953.4645913601342,-953.6095056837136,G,C,high
-961.5261171394319,-1009.2246772967127,-997.5717268097727,-961.9433702778939,-1000.7664289995616,-996.7186949866747,-963.47071961413,-1000.0548472213007,I,C,high
-960.2747841881331,-951.5168364156003,-956.6089681347387,-955.8001683373013,-956.3756703649808,-954.5890799194169,-953.8476481287698,-954.3808980389696,G,C,low
-962.7919718436233,-1162.014039318794,-1101.646141432143,-983.8287636492855,-1149.9589248029467,-1104.116217320597,-989.2176053756596,-1150.2560064209074,I,I,high
-963.3115025511142,-1020.0725089018808,-957.2703321854453,-1032.0583609096097,-1003.5589197406606,-960.002435855353,-1033.3524430040027,-1005.9175891790111,C,G,low
-966.9080618487827,-953.8979724839986,-960.4302467692719,-959.8937897055085,-960.6795389066996,-956.8529125157472,-956.3520779786801,-957.0896991673205,G,C,low
-965.7896786602187,-953.6773472227618,-955.5425729310007,-957.3498427070411,-959.2697416499767,-954.6042983707347,-956.1233669516612,-958.0378799946867,C,C,high
-959.2339567975317,-951.3174888749544,-955.5820497335884,-955.8517122957379,-958.0258732584404,-954.0145853804842,-954.5564537679078,-956.7456925319949,G,G,low
-962.8347661671612,-1053.1598922879955,-958.2950108819582,-1057.8534709540104,-1052.2890497735962,-958.8767504662495,-1058.9828048581448,-1054.1823885721626,C,C,high
-964.1639779179559,-1000.7280817355933,-957.1116970891576,-993.1290619030132,-999.3588428443071,-957.9714920737994,-991.6796552869587,-997.7152839790438,C,C,high
-960.8466563232258,-965.1911666112428,-956.4693296316646,-968.9892855020379,-970.4364726243596,-956.884027566718,-968.5723612427217,-970.2429135568606,C,C,high
-964.3458362655211,-952.9486766969571,-960.3302378902124,-962.1155919522224,-960.4926176100328,-955.9414685733261,-957.6223994783251,-956.1171006427389,G,H,high
-962.6605561583514,-1066.6975372372774,-1049.259649143176,-1019.492712706309,-988.6391641276202,-1049.865642312963,-1023.4703778008864,-994.7449396889008,I,I,high
-977.4539425140495,-962.4852966675227,-966.8344795964769,-973.0620153242327,-973.9462047755628,-961.6064476175488,-967.4378802511667,-968.3210639148161,H,I,high
-961.2639106326556,-1034.0297918953772,-1023.4897474739752,-962.9938642700471,-1026.1922025449562,-1022.8770931439159,-966.4541821072014,-1025.5127782606112,I,I,high
-960.1693625154421,-952.7115022410196,-955.2628335209816,-955.4174352635814,-955.7368920480726,-954.0683215179233,-954.0320400817034,-954.3781032731164,H,I,high
-963.552642020807,-1005.3485357809385,-983.1802432608832,-1002.0373853603402,-970.7525180114412,-985.1900869545412,-1001.5831482549869,-972.861781321808,I,H,high
-964.2776818097874,-951.9783119244022,-959.113750036707,-959.8851540696877,-959.7062230279993,-955.1939367499685,-956.0047930168988,-955.7812256713607,G,G,high
-968.9430191307927,-953.8746740269419,-960.7410559437452,-963.4211446401877,-961.9246325733199,-955.6015452752257,-958.2415632775409,-956.7718571491546,H,G,high
-962.6798938652079,-979.2476662704212,-957.0933380111506,-974.1575086528908,-978.1139742804123,-959.2522303569352,-973.1521989700818,-976.994617232987,C,G,low
-960.6250054932199,-1000.2557363823057,-955.6180456056948,-1004.6239096668215,-993.5344729540112,-954.6211586862739,-1003.4337189439005,-992.7911740628664,H,C,high
-969.577239280004,-985.166648571379,-960.1394602547533,-982.6297983688996,-987.2272083070721,-959.1004053369893,-979.0411982101836,-983.4706706998273,H,C,high
-969.5810658404987,-985.1714030901871,-960.1422132501741,-982.6349621703187,-987.2323525106484,-959.1029933323817,-979.0458231202206,-983.4752482585375,H,H,low
-977.4689930795417,-962.4878938401442,-966.8511255374956,-973.0734614482312,-973.956826883519,-961.6160836494314,-967.4426410481897,-968.3250816524757,H,H,high
-963.6234087312969,-951.9014522850136,-958.031620785222,-957.9291210124658,-957.870571927625,-955.3737579066253,-955.2386291361645,-955.2195537200993,G,G,high
-964.0119063375513,-961.4683521768981,-957.7854344967142,-966.9592430181556,-969.1199651656186,-959.0796036322367,-966.2786017751936,-968.2654540388485,C,C,high
-959.7847496946274,-956.4343891303478,-956.2057747498366,-959.403786511033,-959.7946892766018,-955.6104631644188,-958.2858167385409,-958.9006434815053,C,C,low
-963.5914143533159,-963.720603017816,-957.3540524930003,-967.7282495141832,-966.2400222862941,-955.7242878972913,-965.4157274679588,-963.7700364106223,H,I,low
-965.4277164794122,-949.907360409366,-959.9588795691963,-962.7252362814991,-960.8712830195369,-953.6856582099607,-956.4678721167445,-954.680291273718,G,G,low
-961.2654946342357,-1034.0132878511536,-1023.4776842954866,-962.993277474401,-1026.1781102265045,-1022.8642599629692,-966.4513127232633,-1025.49914816022,I,H,low
-963.1591449040033,-1055.2871182399342,-959.4893797098404,-1054.4394431280002,-1035.8917152854137,-961.9230142208447,-1054.025087386173,-1036.6264364791678,C,C,low
-964.6064123361646,-967.3188182843712,-961.5283898465797,-966.7837090319836,-976.7455812147197,-958.9255114728926,-964.3435088918177,-973.949570623609,H,I,high
-962.6594330289339,-1066.7065580503074,-1049.2665127629823,-1019.4953484842337,-988.6420375635565,-1049.8731282553117,-1023.4745889609944,-994.7489938618473,I,I,low
-962.6786157830804,-979.2486785645935,-957.0920915042785,-974.1574251125597,-978.1142859897075,-959.251995122819,-973.1522674851824,-976.9950906947304,C,C,low
-965.7915241221378,-953.6773329443585,-955.5399521415777,-957.347497859751,-959.2680656140997,-954.6026488647019,-956.1220499592355,-958.0371907045595,C,C,high
-963.0162643592417,-1115.0303025452272,-956.9474073189398,-1099.2946878562389,-1067.5249776208566,-961.7633604603072,-1100.0427675408412,-1068.4069457320538,C,C,high
-963.1443390247803,-1055.3570188709223,-959.4755951576561,-1054.5032420618911,-1035.9452311806488,-961.9106563297761,-1054.092015092636,-1036.6829026750895,C,C,high
-968.7121505525556,-963.8204560964091,-960.4443157770714,-971.575762085957,-970.8306719655278,-956.1940128443941,-966.5168672014208,-965.7075832124146,H,H,low
-968.3425008997625,-951.1373562576406,-958.9916573749857,-959.2568165333923,-958.9945373220546,-954.0755508303878,-954.3856381223068,-954.0981847323533,G,G,low
-960.9831232079152,-1037.985628469711,-955.8146883399886,-1036.84232431487,-1023.317567691607,-958.5961107889584,-1037.6324927601506,-1024.443939923426,C,H,low
-961.3613904694153,-1085.5870112944765,-974.1361754285037,-1081.7313442663385,-1021.9725306689169,-978.9854935451199,-1081.9556459996675,-1023.9675458294012,I,I,low
-961.2180810081954,-1035.6704093653686,-1018.8845302522016,-984.7567839278422,-994.9254457501163,-1021.2843737186137,-989.6461586885362,-1000.6436476245494,I,I,high
-968.9398407893935,-953.8793821062038,-960.74139970185,-963.4192126250342,-961.9240626548969,-955.6077015305867,-958.2463064131193,-956.7780127078548,H,G,high
-960.7115714521628,-983.7503729781236,-971.5368798982579,-963.8361766274804,-980.1511684734874,-972.4774566769285,-966.6820888091293,-981.3951880247597,I,I,low
-965.4225393493023,-949.9128178132263,-959.9541958648987,-962.7182220269867,-960.8647288490239,-953.6904708482122,-956.4705833094151,-954.6837126611775,G,G,low
-962.5843739148321,-950.9382428761099,-959.4912274281934,-960.0431270566082,-959.786928260517,-954.1197577803457,-954.6148187491198,-954.3574206698813,G,G,low
-960.5743385807053,-1054.3948642036764,-955.0896700539466,-1055.385103178366,-1036.865272686773,-958.4820942054262,-1056.3221835760328,-1038.4042821742069,C,C,high
-960.5755142213993,-1054.3348304312178,-955.0922041241372,-1055.331667085122,-1036.8196764624217,-958.4781586401663,-1056.2672540140416,-1038.35650338169,C,C,high
-963.5506944129726,-1005.3536844622898,-983.1831230616045,-1002.0393121548573,-970.7533206444006,-985.1938417881821,-1001.5858950031569,-972.8635526518302,I,I,high
-960.6217525319253,-1000.2706992093132,-955.6149028681956,-1004.6385252958725,-993.5444827661706,-954.6184529779275,-1003.4487608915032,-992.8018735986675,H,C,high
-962.7872258234939,-1162.0818892647121,-1101.6817546035504,-983.8314547244023,-1150.0276076729215,-1104.1574483263894,-989.2258935859304,-1150.3263947254127,I,H,high
-961.0628403693213,-965.5887445127884,-956.2911384011887,-972.2073480023528,-967.2561220614731,-955.3705453597719,-970.8631453577544,-965.9665325386286,H,C,low
-959.2211410724186,-949.846365979189,-954.5962821674243,-954.8809650952554,-954.6244663647323,-952.8607268355993,-953.1358565993428,-952.8935837470053,G,G,high
-961.4085338178212,-999.6334076037102,-968.2254564195982,-1004.4004434557041,-973.5394497484912,-967.9884888862211,-1002.9235511941149,-975.1332484692224,I,I,low
-960.7156160591429,-983.7519847220354,-971.5411204202754,-963.8369150051741,-980.155993599391,-972.48229399607,-966.683207552026,-981.3999751400786,I,I,low
-960.2498278218222,-983.8825043153994,-976.8741344613667,-982.774314689281,-959.4241244051952,-976.7472406157557,-981.7285581265463,-960.9429504015341,I,I,high
-965.7289984778965,-1109.4569638444423,-958.4118096683356,-1058.0582226847353,-1084.6949835609196,-962.7063597495988,-1057.3446402884035,-1084.3989559864158,C,C,high
-963.5912933116426,-963.724475851745,-957.3549511201483,-967.7300152464205,-966.2433587959421,-955.7266890109978,-965.4186144948359,-963.7744621495327,H,C,low
-964.606673631796,-967.3206890851945,-961.5286867389632,-966.7851904224058,-976.7479450734702,-958.9255445302374,-964.3447622580998,-973.9516130092369,H,H,low
-960.6757406089101,-968.3016477054317,-967.4123285132189,-965.2757224735934,-962.2558362466298,-967.3299789980414,-964.7207720503628,-962.277360869382,I,I,low
-972.2914173512222,-960.6863548345812,-964.371629939522,-970.4847495542008,-965.7095140552449,-959.5537240307915,-965.6235511523795,-961.1302708192253,H,H,low
-958.7411766670077,-966.0191054979398,-961.0977210155486,-961.5402535962055,-973.548532100239,-960.4570957973714,-960.7102604935959,-972.8084156125391,I,I,low
-963.1224097560354,-1001.6641849810622,-981.868804749915,-1000.2014491172522,-972.5739765010069,-982.8734120898221,-999.7478653926057,-975.757954400028,I,H,high
-961.7014116745174,-959.6171211814428,-958.1387458406571,-959.6476436846007,-961.1972761135598,-958.2943637971862,-958.8298539182789,-960.5210234974817,C,I,low
-962.6751912630557,-963.0810902990273,-957.9281205253325,-966.4359970367225,-968.6158654232122,-956.1109929071057,-964.5527635615005,-966.5443870091013,H,C,low
-966.8009698493241,-950.5702553545553,-960.0714076977854,-962.4053409461839,-962.7309232027997,-954.1076779095006,-956.7326823818997,-956.5155872429648,G,C,high
-960.3630613156995,-951.935214564634,-956.5632725405407,-956.8014893997067,-957.9265383698282,-954.4290769389042,-954.657179069524,-955.8082496467894,G,H,low
-960.3698342931532,-1001.3628665566937,-955.9184740989554,-991.1738468493718,-1004.9336169787105,-956.0441205111722,-990.6234549034087,-1004.089439661715,C,C,low
-960.7891257175672,-956.9765480335299,-956.7775134800025,-958.1544416994603,-962.5944096967681,-955.0323482474678,-956.2535332890908,-960.5868322264304,H,C,high
-960.741986353098,-980.8536704012523,-976.8003705394424,-964.4227254468085,-972.4763499024521,-976.7278751478483,-964.4495807439324,-971.6860780813209,I,H,low
-964.4245053896121,-1120.6403463032925,-1095.3521397695072,-1128.362492079835,-1024.2993137091714,-1100.9159052119148,-1129.4517637765143,-1031.4158707498302,I,I,high
-963.9143943482732,-1161.8133636369753,-958.1309307225911,-1115.2117457706659,-1117.9993877774796,-965.5228729145384,-1117.2149872637883,-1119.5904449051773,C,C,high
-961.3615112558723,-1085.5806144629626,-974.1349606807245,-1081.72518686949,-1021.969695379783,-978.9837650682621,-1081.9492182309698,-1023.9645683040236,I,C,high
-960.5920954222554,-958.2355606369812,-956.946475768862,-959.2522781323577,-963.9624066916736,-955.8559430575469,-958.1267731482636,-962.6277063904133,H,G,low
-959.2209982110223,-949.8463419143609,-954.596170795361,-954.8808855299158,-954.6244367227666,-952.8605136928046,-953.1356498822512,-952.8934040323263,G,G,high
-963.5610962830938,-962.9895447124256,-958.7893606900185,-965.5158970660191,-973.2821204414014,-956.6159090412591,-963.396103275919,-971.2134206866766,H,G,high
-963.899359918358,-955.6158384434297,-959.741215327718,-960.9600815026765,-961.382872292227,-956.9691036604513,-958.1394184350739,-958.5510258325828,H,I,high
-964.2741047478008,-951.9775000081421,-959.1097401093771,-959.8808615569295,-959.701949464375,-955.1931267804962,-956.0037064047818,-955.7801855391617,G,G,high
-960.1693097957682,-952.7113877442588,-955.2627005417685,-955.417277059764,-955.7367536691117,-954.0682106429573,-954.0318914796552,-954.377979993212,H,H,low
-960.3675076677464,-1001.3692973667617,-955.9163691270227,-991.1781312414292,-1004.9405663612445,-956.0423562844919,-990.6282358953213,-1004.0967108288165,C,C,high
-963.1231541952556,-1001.6594922769877,-981.8676641845121,-1000.1973358797864,-972.5725913178371,-982.8712802197969,-999.7437895390573,-975.7557541960981,I,I,high
-962.1767704345118,-950.7889420530362,-956.5417335293199,-956.7045162367114,-956.905382336586,-954.062756154378,-954.3036718225587,-954.5384450027344,G,G,low
-960.6236552886983,-981.1755158229622,-979.2878005989616,-978.8619847326953,-962.8803603999895,-977.9513956936458,-977.5491065052696,-964.1967079315845,I,I,high
-960.6760366735925,-968.300717127401,-967.4112811460255,-965.2751725414851,-962.2566928158514,-967.3286955681308,-964.7201233602811,-962.2774256182416,I,I,high
-963.0263562939402,-965.5038720323507,-957.9638743609765,-965.8846952351226,-965.9110256490947,-956.2695198475479,-963.8324468598523,-963.7993629012043,H,I,high
-964.1657122581887,-1000.7210333025824,-957.1131267282283,-993.124312584071,-999.3531424358462,-957.9725104699015,-991.6743961925189,-997.7090910369997,C,C,high
-959.353648445955,-950.8477298845747,-955.7169294299366,-955.4399793103653,-957.6727632810725,-953.8739303346243,-953.763836971154,-955.9793626643649,G,H,low
-964.9968797741943,-965.3895681766679,-959.2109638572856,-965.8901991383527,-971.1641557485898,-956.22875049894,-962.6775747546405,-967.8535641374519,H,H,high
-961.139934514287,-987.9016315169728,-975.6938712119372,-988.4666469413337,-970.3363920300864,-975.2965390528137,-988.3385190692652,-970.9941370884796,I,I,high
-967.0114021586954,-958.3276090338107,-958.8457032221484,-967.8558412982267,-964.1943550145927,-956.9744017796136,-964.9877077326322,-961.6152008470236,H,I,high
-959.6790815513706,-978.2103490465606,-976.8688285640472,-975.0584920292258,-959.6095710950216,-976.03437664275,-974.6412907705201,-961.0231448213979,I,I,high
-969.4116941785203,-953.5793092926416,-961.4092583871906,-961.2546791744918,-961.0111262862799,-957.1712141341047,-957.0601209381329,-956.8447535300282,G,G,high
-962.2061965575888,-1029.6319714112185,-968.5753385259727,-1013.8910656689807,-1018.0730534943867,-969.4080139161416,-1016.0719272973971,-1018.6287383697355,I,H,low
-966.9018597285226,-953.8950211749759,-960.425445582181,-959.8890980655916,-960.6748573897934,-956.8493420378085,-956.3485196886677,-957.0861643148094,G,C,low
-966.201420227981,-965.783023121053,-959.9630867860681,-963.7786628126265,-984.1551067874456,-956.805447798373,-960.8659078771096,-980.6018517918158,H,C,high
-964.9938930719369,-965.3885557985508,-959.2090211989629,-965.8877306896977,-971.1616793661385,-956.2282370805034,-962.6767016160439,-967.852565504266,H,I,low
-963.3749013334441,-1007.0325698412291,-972.0589073922727,-989.1217990727795,-1007.2487175302977,-973.1640838216899,-987.7547067278957,-1007.634466548639,I,I,low
-968.5737042830566,-952.9830651178505,-962.9554314068464,-964.6220382684594,-964.9430921092548,-958.4729889284749,-960.6935337186844,-960.9230720298308,G,G,high
-960.9819078636008,-1038.0111905940698,-955.8131666475272,-1036.8639896367674,-1023.3366957481201,-958.5975406547999,-1037.6551766206453,-1024.4642910400992,C,C,high
-967.2722014724133,-960.7921025472717,-959.090129106504,-966.3474220235973,-977.4028193651457,-956.6734297321991,-963.1581009570206,-973.9393937480083,H,C,low
-975.444082458307,-954.5502896551701,-964.0685931264838,-963.724353431362,-965.5313996554187,-958.1099960363308,-957.9222512754112,-959.6221338145069,G,G,high
-958.7695988736582,-965.9851458975061,-961.1097266575334,-961.5404473520794,-973.5055816845247,-960.4578797611944,-960.7045300402831,-972.7628835330437,I,I,low
-967.7712166764633,-958.1689071603356,-960.3279698075427,-963.4712294083392,-963.6690578252193,-957.5324474033457,-959.994710376716,-960.2438790611435,H,C,high
-963.0856773516962,-953.5890006772086,-959.1639105160725,-959.6351281222657,-959.5025126745231,-955.825197415884,-956.352097027968,-956.0745968477058,H,H,low
-959.1223402672605,-950.4507098849206,-955.0563465130092,-955.0280571902001,-955.21837762917,-953.4654713738408,-953.4657413791259,-953.6106634192053,G,C,high
-964.3459566452485,-952.9488677193458,-960.3300989685692,-962.1153083316315,-960.492520373448,-955.9416837002984,-957.622441920445,-956.11728369777,G,I,low
-962.0594322665696,-1019.0870291243382,-984.61775889186,-1021.4578030791616,-968.5244646447017,-987.4080482934987,-1021.2383190551518,-971.1789457835988,I,I,high
-959.2334483648251,-951.3172797235806,-955.5818187910588,-955.8516055394093,-958.0263279852712,-954.013829551988,-954.5559170863022,-956.7457571818686,G,G,high
-960.7937535519368,-956.9774698626345,-956.7808039330653,-958.158421914006,-962.5958989906985,-955.0353396988676,-956.2571799853297,-960.5879824532992,H,C,low
-961.063038441898,-982.0264493871981,-987.5763074444458,-972.1683298863704,-965.4597411949575,-984.6417451088836,-970.6646904422712,-963.0954083771805,I,H,low
-967.1287479052385,-952.943208755667,-962.0562479055926,-963.1428013277452,-961.854171864718,-957.0239415609375,-958.1300048755587,-957.1862989465404,G,G,low
-963.6532076086822,-951.92269401499,-958.0687217111674,-957.9666673655563,-957.9081366789561,-955.4022934826282,-955.2671423509175,-955.2483964063923,G,G,high
-961.7393172758972,-1025.3764361923477,-991.1025147882084,-994.6412402207985,-1007.597092865812,-993.9299061965097,-994.4743475860281,-1008.896976551112,I,C,high
-961.4008942733661,-999.6624870088215,-968.2265651123627,-1004.4300357285216,-973.5492373916543,-967.9901296674595,-1002.9528920824288,-975.1449141781453,I,I,high
-961.0620763960277,-965.5888495928874,-956.2899687582642,-972.208212591035,-967.2557888551091,-955.3697421662869,-970.8639985167779,-965.9663246621011,H,C,high
-961.5234223714768,-1009.2247773785143,-997.5711132317099,-961.941727087792,-1000.7641927080685,-996.7186042049608,-963.4689155420308,-1000.0531563799401,I,I,low
-975.4475178713076,-954.5494121298203,-964.0693961989408,-963.7250673894243,-965.5324734299984,-958.108973850395,-957.921211645737,-959.6213972159097,G,G,high
-960.5029004776004,-949.9854614753358,-956.6383302145257,-957.2711392461674,-956.8893475867899,-953.3355202248919,-953.9536607203332,-953.4955023718265,G,G,high
-965.7891532688104,-994.4756836508818,-956.2512975553332,-982.8017057783959,-991.449913507818,-956.8568805668398,-981.981478547506,-990.457360133029,C,C,high
-963.0117808082717,-1115.0806198850348,-956.9436235069313,-1099.341800520162,-1067.5545330972022,-961.7620933131024,-1100.0915082459117,-1068.438436086157,C,H,low
-959.6709280064429,-1002.59503688397,-968.6403101265876,-1013.7303298397898,-975.1887300235288,-969.3219736406915,-1014.0594256635959,-976.1655463727493,I,I,low
-961.9663180417754,-951.6680913501499,-956.9489367561591,-956.9952680447124,-956.9189073181218,-954.9117971901563,-954.9722817185907,-954.8403694133265,G,G,high
-967.2719370628903,-960.7892516791431,-959.091488846584,-966.344161004876,-977.3968729214897,-956.6738334957795,-963.1554520986975,-973.9344310856784,H,C,high
-963.552536292171,-962.7835393372129,-960.7992651974,-967.1241186547261,-969.609342512656,-955.9312530441732,-961.3314715592606,-963.588295347021,H,C,high
-964.0078225859862,-961.4669695022318,-957.7824083282579,-966.9569627646036,-969.1179479785707,-959.0790999006301,-966.2768879883158,-968.2635403231707,C,I,low
-967.5780249239873,-957.0937210045745,-960.5200879947314,-963.5218031500386,-961.991255891802,-957.081098956893,-959.6213056006245,-958.3437342130431,H,G,high
-968.5712943827389,-952.981698026791,-962.9534562134945,-964.619945901291,-964.9410130552279,-958.4715431263605,-960.6919441648921,-960.9215165799717,G,G,high
-961.0668886972826,-982.0262443095047,-987.5727723121984,-972.1645600991516,-965.4591375939169,-984.641211677483,-970.6633732646297,-963.0979873824989,I,I,high
-967.0159614851532,-958.3306642239804,-958.8496276316941,-967.8596446158652,-964.1986318146162,-956.9774405657295,-964.9903640788225,-961.6182098852229,H,H,low
-961.1354082975022,-987.9146821246558,-975.691282759582,-988.475065311646,-970.3472520594122,-975.2973778456334,-988.3509835833368,-971.0075219317051,I,H,high
-961.2167835167199,-1035.6751474733676,-1018.8847449393672,-984.7577595138472,-994.9292415218022,-1021.2858750705201,-989.6475909646892,-1000.6478884086525,I,I,high
-960.2478590433229,-983.8776142514806,-976.8701797109574,-982.7697771360192,-959.4224889474722,-976.7431183885938,-981.7237630940523,-960.9405565002153,I,I,high
-960.5923734670436,-958.2358727614443,-956.9466457265544,-959.2526213441598,-963.9628325938389,-955.8560475675522,-958.1270618976321,-962.6280814393466,H,I,high
-964.0063166281114,-1001.8482637953862,-956.897669259504,-984.1469709289661,-1001.7398488344669,-958.4632760310099,-985.3090181016526,-1002.3133894354239,C,C,high
-965.7286420430188,-1109.4600519537535,-958.4116009367972,-1058.0600350390207,-1084.6972974995447,-962.7064191530166,-1057.3465944322131,-1084.4013951785091,C,C,high
-961.1811034829221,-952.1927597241,-957.232209127853,-956.484154497759,-957.5778239093903,-955.2628082145651,-954.6800398479082,-955.6709736506878,G,G,high
-961.7373246143004,-1025.3826638289195,-991.099909172034,-994.6453989158601,-1007.6029678779051,-993.9294746448146,-994.4789188213294,-1008.9039485383339,I,H,low
-963.3699260062061,-1007.0469886209332,-972.0564978017136,-989.1295166963423,-1007.2661865211397,-973.1617066691939,-987.7626632914428,-1007.6504309508286,I,C,low
-962.5484499723825,-964.9194927205828,-956.410844505429,-967.8992250937338,-967.2289361186719,-956.463676298018,-966.7796770639882,-966.2711888698384,C,C,high
-972.2910737590735,-960.6869916249203,-964.3714327699595,-970.4851930389179,-965.7095654620455,-959.5537308298441,-965.6241771028284,-961.1304313811534,H,G,low
-965.2873342970233,-959.5386960203066,-959.1179384804624,-963.926531593294,-975.1345700552009,-956.7049849055011,-961.8898092907185,-972.8624221044068,H,I,low
-966.6445661455127,-997.9644769450726,-959.3664055546847,-992.0967264462186,-993.6017162524215,-962.5592969906049,-991.8201703929278,-993.5599581502144,C,C,high
-959.666870728129,-1002.6276816974388,-968.6393409502342,-1013.7690120130176,-975.2084709076474,-969.3248552627193,-1014.099312021673,-976.186136078022,I,I,high
-964.210146878806,-950.6736386155462,-956.3131327740184,-958.4204210468881,-956.0394220992595,-953.68047488541,-955.8319629089572,-953.4729593363712,G,G,low
-963.0890379583947,-953.5882787523752,-959.1665969975722,-959.6373902899788,-959.5049877043435,-955.8250402206019,-956.3517290731863,-956.0743631894933,H,I,low
-961.9668015410801,-951.6685059425414,-956.9493646614477,-956.9956770120197,-956.9193308474534,-954.912203695736,-954.9726814742422,-954.8407625953621,G,G,high
-959.9946078441982,-1097.4197213886112,-1010.9349941849263,-979.5732405070701,-1127.5557814910019,-1012.3738056976648,-985.5859796306388,-1126.5798234716804,I,I,high
-968.9183537136494,-953.823185077477,-961.2417563281139,-961.7969081541085,-962.8585406768148,-956.8954621840697,-957.4805397988592,-958.5463113391118,G,G,high
-968.3368888403486,-951.1387007135994,-958.989009585288,-959.2542038502754,-958.9920245757322,-954.0768140401402,-954.3868660694715,-954.0995429532752,G,G,high
-965.7887251707728,-994.4646472320937,-956.2537361810146,-982.7965059067097,-991.4418933638318,-956.858104592932,-981.9754290450229,-990.4486025985462,C,C,high
-967.7673685983988,-958.1654515955098,-960.323926273268,-963.4670286782376,-963.6648547087519,-957.5283441521507,-959.9903810077199,-960.2395278503956,H,C,high
-963.0322861193018,-965.5030166812778,-957.9669034384917,-965.8853142016029,-965.9134613577648,-956.2723873896867,-963.8329702346643,-963.8017434897937,H,I,high
-963.5689104932102,-962.9864720058678,-958.7966773229219,-965.5157417463746,-973.2757559787026,-956.6234974971862,-963.3953787385072,-971.2065514903717,H,H,high
-966.9885768701826,-971.8574589366175,-958.5513064290483,-973.7686415381356,-970.3827914868863,-961.8299077753591,-974.2572327851611,-970.7827542603275,C,H,low
-960.8394898834753,-965.1940176130636,-956.4675227460262,-968.9911193999372,-970.4396397786342,-956.8835925524792,-968.5759990293488,-970.2479739341937,C,C,high
-964.4258090731893,-1120.6371351121832,-1095.3211803585805,-1128.3394395146927,-1024.3040854916242,-1100.885090917441,-1129.435198432199,-1031.4181549720677,I,I,high
-960.2690321585357,-951.5131872751673,-956.6040250390561,-955.794980941935,-956.3707478785337,-954.5844900807912,-953.8428346321646,-954.37631833123,G,G,high
-961.1817147223519,-952.192937152774,-957.232587708943,-956.4845070992111,-957.5781997777325,-955.2631005705357,-954.680283837522,-955.67125748693,G,G,high
-962.0596307302961,-1019.0861073971186,-984.6182427972532,-1021.4560923256001,-968.5240894207473,-987.4081609320704,-1021.2366652660678,-971.1782638659154,I,I,high
-963.310361392351,-1020.0835277549668,-957.269188419434,-1032.0688039729432,-1003.5659729504514,-960.0026276203187,-1033.3637535173075,-1005.9258540468354,C,C,low
-966.6415948120338,-997.9659369960164,-959.362413666951,-992.0944528146654,-993.6003441442984,-962.5578650845874,-991.8198306929576,-993.5603725619629,C,C,low
-962.2047317375971,-1029.6391922937974,-968.574591500755,-1013.8990200810783,-1018.0766102760385,-969.4074843085764,-1016.0800832062662,-1018.6328919626212,I,I,high
-964.2074470472998,-950.681249507098,-956.3175750892578,-958.4233706501968,-956.044060735076,-953.6897100246234,-955.8397417595912,-953.4821796833139,G,G,high
-959.6837498468111,-978.1964666169217,-976.8616631259925,-975.0491813919424,-959.610282952552,-976.0252736613944,-974.6317276090052,-961.0203692015547,I,I,high
-962.8339876048722,-1053.133172294704,-958.2953184841537,-1057.8290038959017,-1052.2655585730654,-958.87337557896,-1058.9572348670645,-1054.1576613754962,C,C,high
-959.7091050253616,-1031.630887413821,-1031.0373792383887,-1008.9766312975084,-975.8645992774616,-1030.7163678117251,-1010.8588217164673,-979.7743601667399,I,I,high
-960.3628985114995,-951.9350849957956,-956.5631740289334,-956.8012837235008,-957.9266125354111,-954.4289869531945,-954.6570077185858,-955.808328952484,G,C,high
